address,2
title,1
bookmarkpage,1
search,3
ending,1
be,54
almost,1
says,1
manner,2
2000,1
least,1
asian,8
letter,54
metrics,2
yourselves,1
encodings,1
website,1
define,1
ignore,1
class,4
look,18
capture,1
radius,1
interfaces,1
once,6
pdfversion,2
positions,1
kinds,1
18,2
corners,1
simplify,2
indent,3
includes,2
data,3
747,2
application,3
jpn,1
another,5
acrobat8,2
interior,1
low,1
assume,1
gsfonts,1
little,6
called,9
did,5
enc,3
thinking,2
100,14
marks,3
gray_str,2
language,3
upgrade,1
subject,2
unit,14
ever,1
sized,1
docstring,3
bit,7
internally,1
short,1
y1,5
aspect,1
each,14
topic,1
person,2
source,13
portrait,3
provide,1
into,10
handles,1
beginform,1
traction,1
grids,1
setfillcolorcmyk,2
turning,1
black,1
stays,1
such,6
my_canvas,95
02,1
color_demo,2
already,2
where,8
although,2
must,1
times,10
empowers,1
endform,1
there,20
actual,2
ttfsearchpath,3
polygons,2
distinct,1
known,1
reportlab,237
original,3
result,7
680,2
textobject,59
piece,2
drawalignedstring,3
987,1
expected,1
specify,5
issues,2
available,4
rotated,4
sanity,1
told,1
wrapping,4
method,36
whatever,4
couple,2
amounts,1
versions,6
command,4
subscript,3
docs,1
usr,41
related,1
large,1
enjoy,1
certainly,2
installing,5
acrobat6,2
inches,2
addition,2
__file__,2
padauk,1
character,8
acrobat5,2
param,3
hello,3
setting,4
approach,2
customers,1
710,1
drawn,3
because,1
flag,4
plain,1
arc,1
23,2
imported,1
ran,4
aliceblue,2
our,21
own,3
family,1
cookbook,1
two,7
packages,2
happens,2
tell,6
interactive,1
json,1
communique,1
winnt,1
safely,1
embedded,2
supported,1
carriage,4
8,9
can,82
level,6
depending,1
width,12
truetype_font_demo,2
covering,1
image_path,4
locations,1
knowledgeable,1
import,80
word,8
combine,1
remember,1
learn,15
lives,1
diagnostic,1
adding,7
26,2
changes,1
basically,4
truetype,36
expanding,1
add_image,2
amount,9
used,14
none,8
kind,3
unicode,13
coordinate,7
globally,1
between,10
ancient,1
before,5
re,4
an,29
y_cen,2
verbose,2
instructions,1
blue,2
bimap,1
from,95
50,3
life,1
split,1
technically,2
aware,2
embed,5
itself,6
verait,1
acrobat4,2
want,24
type,8
17,1
houses,1
substitution,1
much,7
wondering,1
time,9
right,9
iterations,2
nested,1
readthedocs,1
rect,5
vs,2
config,1
zero,8
120,2
reach,1
__name__,20
assignment,1
converter,1
documentation,4
calling,7
older,3
light,2
think,5
textout,4
90,3
updated,1
increase,1
parameters,7
self,8
but,23
objects,2
grab,2
instantiating,1
mapped,1
lots,2
stretching,1
x11,1
sample_form_letter,1
face_name,2
draw_lines,3
applied,2
four,3
bottom,7
scale,1
fun,3
help,3
location,10
subscripts,1
off,3
enforce,1
show,2
reportlab_dir,6
sandbox,1
kanji,3
last,6
create,38
link,1
encrypted,2
party,2
14,4
acme,1
mike,1
converted,1
500,2
wedge,7
non,1
oblique,5
mm,9
detailed,1
py,26
49,2
factor,2
preserveaspectratio,1
pillow,10
reviews,1
hygothic,1
easier,1
classes,1
misleading,1
loops,1
ensuring,1
few,8
states,1
rectangle,4
so,27
line,25
means,4
def,30
simply,1
efficiently,1
imaging,4
possibly,2
additional,3
know,9
step,2
unicodedecodeerror,1
normal,4
enclosing,2
gives,1
pyfpdf,1
clear,1
full,4
color_str,2
contains,1
never,2
shapes,2
several,4
make,15
example,22
io,1
jpg,1
not,12
timestamp,1
text,46
defacto,1
too,4
guru,1
mac,3
glyph,2
cursor_moving,1
part,1
run,16
doing,4
activate,6
mask,1
embedded_font_demo,4
printer,4
extra,1
fortunately,2
angle,1
zapfdingbats,3
taiwan,2
current,3
across,2
of,150
highly,2
those,3
choice,2
ly,1
which,31
w3,5
ink,1
less,4
str,1
cheat,1
setfillgray,3
showpage,9
front,1
network,1
questions,1
colors,19
authors,1
normally,1
similar,3
ascii,3
72,1
cff,1
usually,1
0,45
statement,1
downloaded,1
textline,6
keep,4
drew,1
covered,7
change,12
in,163
tools,1
developer,1
checking,1
writing,1
neat,1
support,9
sampling,1
became,1
configure,1
pivot,2
love,1
iteration,2
understand,1
books,3
cwd,2
creating,6
2,40
setters,1
fontpack11009_xtdalf_lang,1
continue,1
point,5
include,3
images,4
explanatory,2
supporting,1
tuple,1
anyway,4
are,55
conventions,3
generic,2
hong,1
lab,1
back,4
files,11
78,1
u672c,1
slowed,1
landscape,8
extent,2
kacst,2
only,7
generation,2
2016,2
without,2
toolkit,3
center,1
acrobat9,2
dozen,1
backend,1
ways,2
face,5
methods,21
defaults,6
noted,1
how,37
you,249
vector,2
723,2
what,21
comes,1
khmeros,1
spacing,14
especially,2
flowing,1
effects,1
has,4
convert,1
formats,2
next,17
instance,3
swap,1
font,100
section,7
3rd,2
convenience,1
three,2
except,1
speaks,1
while,5
tlwg,1
126,1
xdg_data_home,2
kits,2
pieces,1
platypus,1
rl_settings,10
setsubject,1
pagecompression,3
powerful,1
my,9
office,1
703,2
why,2
nanum,1
encryption,1
corresponding,1
popular,1
invisible,1
layout,1
china,1
12,10
nicer,1
regularly,1
setwordspace,3
the,535
75,3
created,2
com,4
31,1
interesting,6
27,1
textobject_demo,3
color,27
imports,1
every,1
wordspacer,2
begintext,6
needs,3
minute,1
series,1
activated,1
48,1
often,2
y,44
found,3
red,6
single,1
ago,2
than,13
allow,6
type1,2
position,9
x_cen,2
company,1
repeatable,1
setpagesize,3
user,10
encrypt,5
cursor,7
https,6
open,6
via,7
mention,5
parameter,12
activating,2
warning,1
reading,1
lot,6
certain,1
produces,1
29,1
opened,1
engineers,1
for,76
project,2
modify,2
image,9
displayed,1
core,2
org,6
specifically,1
easiest,1
helvetica,13
asian_font_demo2,2
wordspacing_demo,1
chocolate,1
terminal,2
19,1
accomplish,1
encode,1
though,4
2019,2
loop,8
around,5
share,30
10,23
concept,1
case,5
paths,6
left,12
tkinter,2
replicate,1
beginning,1
forward,2
x,48
control,6
2006,2
programming,3
11,3
hello_reportlab,1
set,49
6,8
mystring,1
happen,4
t,32
eyes,1
register,8
kong,1
these,16
packt,1
blog,3
x2,5
lyx,1
freefont,1
42,2
europe,1
cht,1
depends,1
element,1
lower,1
flow,1
according,3
down,4
45,8
should,15
ready,4
else,3
photo,3
201,1
differs,1
generated,1
setpagecompression,1
wrote,1
millimeter,1
24,1
above,5
placement,1
buttons,1
alignment,3
variation,1
copy,1
imagine,1
driscoll,2
regression,2
startang,2
developed,1
will,104
textobject_char_spacing,2
publishing,4
tells,6
along,1
39,1
gothic,1
setstrokecolor,1
flowables,4
seems,1
able,1
lean,2
second,2
python27,1
learning,2
passed,1
specified,1
darkgardenmk,7
13,2
abcdefghijklmnopqrstuvwxyz,1
4,8
38,3
enough,3
cropmarks,4
moment,1
emailing,1
accept,3
rise,4
postscript,1
drawing,9
at,28
saw,1
far,1
looking,1
determine,1
edge,1
folder,12
colors_demo,1
recommended,5
uses,4
folders,1
likely,1
up,24
true,3
type1_font_demo,2
update,4
if,72
operate,1
textobj_word_spacing,1
basic_font_demo,2
moments,1
engine,2
rotating_demo,1
signature,2
grays,3
got,3
insert,1
rising,2
year,1
strings,6
beige,1
state,1
vmware,1
cases,1
480,1
prevents,1
aren,1
absolutely,1
output,3
7,9
m,7
korean,2
written,2
distribututions,1
contents,1
wasn,1
takes,1
contrast,1
enforcecolorspace,2
technical,2
lowest,1
80,5
vera_font_path,2
use,69
introduction,7
practice,1
972549,1
allows,6
both,6
instead,7
bin,3
wikipedia,2
33,1
showboundary,1
let,33
ll,1
personally,1
tutorials,1
charts,1
792,2
gets,1
chapter,55
anchor,1
tips,1
inter,1
en,1
tibetan,1
limited,1
receives,1
simple,9
errata,3
named,1
write,16
quite,5
its,10
interface,2
movecursor,2
defaulted,1
or,52
744,1
now,22
macromanencoding,1
shapechecking,2
automated,1
examples,9
guide,4
pfb,7
phrase,2
extension,1
35,3
news,1
dzone,2
pypi,2
switch,2
chinese,4
fix,1
different,9
fact,5
was,10
am,2
begins,1
complicated,1
author,3
demonstrates,1
textlines,1
_pdfcolorsetter,1
instantiate,2
makes,3
pythonlibrary,3
have,30
binary,2
cover,3
readers,2
pypdf2,1
then,40
many,8
they,14
newer,2
report,3
done,3
false,1
topics,2
pip,15
benefit,1
near,1
mb,1
gray_color_demo,3
somewhere,1
using,25
superscripting,1
http,4
centered,1
need,37
textobject_cursor,2
__init__,1
new,5
websites,1
t1font,1
library,10
aims,1
them,6
drawing_lines,1
registertypeface,2
again,1
functions,1
appear,2
legal,1
print,7
580,5
installation,5
bold,7
since,5
precise,1
25,4
box,2
list,10
wrap,1
stroke,13
725,2
punjabi,1
730,11
form,5
greater,1
orientation,4
generating,3
circle,11
applying,2
markup,1
positive,2
empty,1
labeled,1
drawrightstring,2
fonts_folder,7
various,5
dragon,1
made,1
join,5
constructor,1
return,8
starting,3
desired,1
telling,2
xml,1
utf8,5
could,4
calls,1
important,2
translate,3
16,3
alpha,3
pagesize,24
shown,1
drawing_polygons,1
rotate,5
whereas,1
cidfonts,2
ebook,1
painting,4
openoffice,1
curious,1
standardfonts,3
slightly,1
learned,2
first,11
acrobat,7
range,6
inc,1
pdftextobject,1
41,1
r,2
installers,1
distribute,1
best,1
describes,2
scripts,5
useful,3
word_spacing,4
lohit,1
customize,1
cjk,1
2017,1
points,18
markwidth,1
difference,1
processors,1
630,1
360,1
polygon,3
lightweight,1
essential,1
get,13
said,2
101,1
sans,2
chs,1
angles,1
hysmyeongjostd,1
lavender,1
following,21
port,2
after,4
table,1
editing,1
needing,1
mess,1
setfillcolorrgb,2
levels,3
page,33
4726011,1
driscollis,1
isn,3
coord,9
centred,1
extract,1
ttfont,5
f,1
respectively,3
bunch,1
u65e5,1
test,3
even,3
32,2
default,14
quickly,3
this,94
seen,1
sub,1
fine,1
roman,2
heiseimin,5
building,1
textobj_char_spacing,1
went,2
on,42
getavailablefonts,5
ability,2
download,4
i,64
rectangles,2
being,2
pre,1
drawstring,30
configuring,1
numbers,4
acrobat7,2
standardfonts_,1
values,9
w5,1
sometimes,2
2018,1
detects,1
previous,5
end,6
earlier,3
newly,1
settitle,1
markcolor,1
explained,1
43,2
receiver,3
common,2
symbol,5
kor,1
book,14
registerfont,8
fig,19
rotate_demo,2
however,3
hard,1
faster,1
draw_shapes,2
virtualenv,8
reason,3
21,1
japan,2
publish,1
professional,1
aquamarine,1
easy,3
ttfonts,2
ve,3
01,1
pdfbase,9
anyone,1
installer,1
inside,1
drawcentredstring,2
bits,1
obvious,1
marklength,1
pdfminer,1
string_alignment,4
tricks,1
pass,10
please,1
superscript,3
owed,5
drawtext,7
complex,4
y2,5
we,118
processing,2
prepare,1
welcome,6
probably,2
msi,1
wedges,1
increasing,1
automatic,1
690,1
sorts,1
shades,1
looked,2
standard,10
all,20
image_on_canvas,1
online,1
html,1
aligned,3
attempt,1
soon,1
intermediate,1
obviously,1
20,9
apple,1
goes,1
pretty,9
font_switching,1
dark,1
start,6
came,1
u,2
as,68
japanese,6
sep_cmyk,1
main,4
super,1
directly,1
www,3
multipage,2
create_form,3
out,24
font_demo,6
focusing,1
windows,4
read,3
shows,1
maintained,1
google,1
exe,3
name,13
entire,2
dirname,2
languages,2
outside,1
automatically,2
parse,2
2nc7sbp,1
asked,1
number,4
with,81
michael,2
15,9
enclabel,4
that,144
password,1
setfont,20
publishers,1
still,1
item,3
tool,1
clever,1
standardfonts_winansi,1
confirmation,1
serif,1
34,2
started,36
package,17
bolditalic,3
registerfontfamily,2
installs,1
myself,1
separate,2
pil,4
definition,1
iterate,1
defaultpagesize,1
local,8
settings,3
process,5
script,2
give,3
mainland,2
supply,1
easily,1
textobj_rising,1
ttc,1
realized,1
degrees,5
stackoverflow,2
ttf,5
way,10
system,12
2014,1
millimeters,3
lao,1
would,16
basic,1
canv,7
fork,2
located,4
sections,1
errors,2
rgb,7
nice,1
47,1
desktop,2
encoded,1
winansi,2
pan,1
correctly,3
call,22
efficient,1
try,4
some,18
subscripting,1
playing,1
pdfs,14
over,6
courier,4
place,1
don,9
buffer,1
display,1
compressed,1
gray,14
document,8
circles,2
discover,3
crop,4
commented,1
features,1
sep,1
æ,1
didn,7
doesn,2
activation,1
origin,10
size,9
intensity,2
draw_other,1
paragraphs,2
more,11
sep_black,1
underneath,1
corner,4
ahead,2
inch,29
until,2
whose,1
printed,1
setauthor,1
documents,7
green,2
proper,1
exactly,1
setrise,3
9,3
larger,2
programmer,1
reader,6
owned,1
identical,2
coordinates,9
multiline,1
negative,2
settextorigin,6
portable,1
program,6
microsoft,2
mind,2
operating,2
stored,2
40,5
june,1
234,1
canvas,118
variable,3
resource,18
vera_font,4
yes,2
any,5
metadata,1
dependencies,2
ltd,1
us,2
when,32
progress,1
comments,2
56,1
error,2
presentation,2
pdfgen,31
fonts,127
one,23
tarball,1
editor,1
github,2
message,1
about,23
version,10
heiseikakugo,1
asian_font_demo,6
sheet,1
bottomup,4
primary,2
add,8
do,21
complete,1
ratio,1
22,2
changing,3
libraries,1
me,4
700,5
snakehead,1
setcharspace,4
object,18
trying,2
bitstream,1
long,1
handy,2
here,30
unicodecidfont,5
sets,1
been,3
filename,6
sale,1
years,4
specifying,2
52,1
setstrokecolorcmyk,1
750,4
industries,1
cache,1
gui,1
plus,3
skip,1
authored,1
very,9
published,4
job,1
wxpython,4
ended,3
their,15
opening,1
login,1
recommend,2
275,1
load,1
reportlabbookcode,1
who,3
is,137
install,22
top,6
check,7
sole,1
drawings,2
site,1
standardfonts_macroman,1
pdfmetrics,19
traditional,2
dialog,2
tests,1
play,2
correspond,1
huge,1
embeddedtype1face,2
tables,2
sys,1
environment,15
stream,1
pos_y,6
needed,1
value,2
discuss,1
simplified,2
smaller,1
300,1
apply,3
regular,2
administer,1
compress,1
description,1
find,6
variant,1
boundary,2
requires,1
alternative,1
applications,2
names,3
thorough,1
path,16
poloygons,1
words,1
textobj_cursor,1
masked,1
boldoblique,2
elements,2
does,2
to,323
disk,3
testing,2
rest,2
adobe,14
36,2
possible,1
build,2
by,30
product,1
3,27
cruft,1
d,3
supports,13
talk,2
650,1
funnily,1
chose,1
characters,6
selected,2
requirement,1
verbosity,2
cmyk,6
blank,1
sample,4
lines,11
italic,3
also,36
pdf,72
most,7
x1,5
positioning,2
everything,1
going,3
co,1
abyssinica,1
subsets,1
terminology,1
735,1
vba,1
date,5
act,1
platform,1
focused,1
a,220
say,2
turn,4
take,17
facename,5
draws,2
msung,1
callable,2
aforemen,1
reviewer,1
making,1
apply_scripting,4
figure,1
pdfencrypt,1
works,7
had,4
quick,2
winansiencoding,2
discovered,1
ends,1
switching,3
took,1
documented,1
dejavu,2
others,1
getting,33
alternate,1
well,14
explicitly,2
_lookupname,2
within,1
venv,2
may,7
string,26
specification,1
proprietary,1
content,1
total,1
2013,1
free,1
latest,2
see,25
writings,1
configuration,3
mentioned,3
course,2
44,1
operations,1
wide,1
sizes,2
lib,43
demo,14
were,5
passing,3
reset,1
added,6
ex,1
your,59
function,14
seeing,1
track,1
afm,7
wouldn,1
logging,1
other,31
thing,3
currently,3
char_spacing_demo,1
opentype,1
virtual,16
required,2
s,108
moves,1
1,88
sys_version,1
enhancements,1
drawimage,6
foundation,2
pixels,1
pop,1
longer,2
verabd,1
macroman,2
embedding,6
drawinlineimage,2
pages,2
999,1
51,2
setlinewidth,3
c,35
canvas_obj,16
idle,1
products,1
canvas_coords,1
finally,9
941176,1
unique,1
sinhala,1
something,9
46,1
guarantees,1
frankly,2
liberation,1
pair,1
notice,2
straight,3
side,2
enabled,1
stsong,1
zone,1
special,1
etc,3
email,1
appropriate,2
setleading,1
5,9
moved,2
834645669291339,1
ubuntu,1
interacting,1
period,1
740,1
378,1
it,87
font_face,2
receive,2
maching,1
sure,4
commercial,1
integer,1
machine,3
æƒ,1
multiple,3
generate,1
degree,1
hex,1
pythonxx,1
compression,4
encoding,3
map,1
argument,14
nippon,7
borderwidth,1
software,1
issue,1
dec,1
canvas_image,1
talking,1
mhei,1
click,1
takao,1
fast,1
running,2
edit,2
graphics,4
550,2
received,4
shortlink,1
printing,1
prompt,3
always,2
become,1
vera,10
anything,1
feedback,5
leanpub,3
won,7
break,4
bounding,1
really,2
flavors,1
save,27
sept,1
37,2
folder_name,1
equal,1
e,3
send,1
__main__,20
txt_obj,1
format,10
options,3
canvas_rising,1
apis,1
python,89
fontname,4
server,1
concern,1
612,2
hand,3
pagesizes,26
information,7
noto,3
work,4
go,5
fill,18
effort,1
fully,1
arguments,7
worth,1
fairly,1
and,161
tioned,1
linux,3
resulting,3
things,5
tried,1
code,29
follows,2
28,2
november,1
kixtart,1
wanted,3
high,1
package_name,2
thought,4
through,6
sense,1
verabi,1
systems,1
actually,15
floating,1
installed,7
note,15
modules,1
units,6
browse,1
becoming,1
info,1
setstrokecolorrgb,2
anytime,1
t1searchpath,3
official,1
invariant,2
paint,4
looks,8
paragraph,1
hasn,1
differently,1
medium,3
decrement,1
start_y,6
same,9
enforcement,2
standardencryption,1
reportlab_folder,4
transparent,1
sample_colors,2
bending,1
os,10
defaultencoding,1
whether,1
links,1
no,3
might,6
directories,2
spring,1
t1,2
canvas_coords2,1
accidentally,1
draw,22
working,3
speed,1
file,10
bookmarks,1
feel,1
produce,1
module,3
move,5
per,1
600,3
85,1
456,1
30,11
thus,1
virtualbox,1
layouts,1
usage,2
accepts,5
just,24
idea,2
han,2
setfillcolor,7
a4,3
root,1
interpreter,2
space,3
rocks,2
height,17
ellipse,4
like,25
